Name,PAN Number,Date of Birth,Father's Name,Gender,Mobile Number,Email
Paul Hogan,HWJNX6508B,31/08/1995,Lee Rodriguez,Male,6172155569,john25@example.net
Micheal Proctor,DHODE4828B,09/01/1959,Johnny Taylor,Male,0642864966,ytorres@example.net
Michele Estrada,GABFC0396X,24/08/1998,Brian Richards,Male,1999538405,patrick07@example.net
Erik Page,ZEYFL3171Q,07/12/2003,Benjamin Clay,Female,5266518461,matthew94@example.net
Deborah Mitchell,QWDWN2007N,15/01/2001,Timothy Wheeler,Male,8737376530,dhill@example.com
James Orozco,BSKGY5789F,26/01/2003,Anthony Brooks,Male,5456429454,lewing@example.com
Megan Riley,IUBJB7643C,14/11/1950,Jeremy Garcia,Female,1357928613,alexanderdiana@example.com
Thomas Hawkins,HWCQT2483O,07/08/1978,Duane Odom,Male,8768342196,cameronamy@example.org
Jamie Perry,PDEHF9961Z,24/10/1943,Daniel Webb,Female,7788507733,timothy35@example.net
Lindsay Lopez,HYEJI2853G,19/10/1949,Norman Hamilton,Other,9486792420,justingoodwin@example.com
Samantha Caldwell,RVHYE6452D,25/11/1957,Brent Torres,Female,9858541966,nashbrent@example.com
Anthony Riley,VHCID6030T,25/04/1991,Dr. Andrew Frank,Other,4634480865,davidjacobs@example.net
Antonio Johnston,QXVLJ9223Y,06/06/2003,Trevor Dominguez,Other,9639904513,melindamarks@example.net
Stephanie Nguyen,NUUUM9802Q,10/01/1990,Roy Henry,Female,0475822855,carneycaleb@example.net
William Myers,CBQCW3748V,15/11/1950,Benjamin Michael,Female,4732195090,samuel24@example.org
Bethany Johnson,MMPVW1158H,13/09/1979,Joseph Tapia,Male,3828750528,zfischer@example.net
Patricia Anderson DDS,DQFGR9103Z,12/02/1997,Steven Hughes,Female,5223739468,madison79@example.org
George Lawrence,UWRIZ5591S,12/11/1967,Brian Powers,Male,2109956528,adamskathy@example.com
Deborah Brown,OHLDK2430Q,15/03/1976,Shawn Allen,Other,3333563575,dhowell@example.com
Christopher Bryant,CJFAI3847G,23/09/1952,Gary Morrow,Other,0553217347,mariejones@example.net
Tyler Taylor,MJLGC3709M,21/09/1965,Brian Williams,Other,4975881711,miguelthomas@example.org
Robert Powers,ZEDOU8854Y,14/06/1949,Walter Brown,Female,3055738402,cortezdawn@example.org
Robert Burke,UMROV3542C,24/07/1948,Richard Williams,Female,0590941956,hhamilton@example.net
Allison Bolton,WMNNT1542L,30/06/1999,Brandon Johnston,Other,8581410976,michaelkaufman@example.com
Robert Cohen,QTXPR3124Z,27/07/1944,William Miller,Female,3712563422,jeffrey71@example.net
Scott Martin,FHLJB1620Q,04/06/1972,Jeffrey Ramsey,Female,5917117134,shari28@example.org
Tim Hamilton,KTTVU5918P,30/03/1996,Robert Black,Female,0813027934,walkerbrandon@example.net
Jeffery Fernandez,NGBGQ5637N,13/06/1976,Christopher Dyer,Other,1684899686,abrown@example.com
Raymond Burke,UTFLD0984S,21/06/1995,Allen Sanchez,Female,0365255881,baileychristine@example.com
Frank Ferguson,UEEZJ1636C,29/10/1973,Larry Nelson,Other,0960777755,stewarthenry@example.net
Alejandro Sanders,CLBOC5837A,14/09/1962,Michael Barber,Female,1070884196,mary92@example.net
Janet Schaefer,OMJZR2836E,20/01/1973,Michael Gonzalez,Female,6670589298,marc75@example.net
Derek Rocha,RABUS0455A,03/09/1974,Michael Hamilton Jr.,Other,9563301542,bruce05@example.com
Ivan Cook,MALAL9420V,06/10/1943,Joseph Jimenez,Female,7106379340,anthonymurray@example.com
Tracy Benjamin,ITGCP0134W,17/05/1972,Brian Chen,Female,1792324765,samanthasmith@example.net
Carla Evans,MGNUU5928V,18/07/1962,Daniel Lopez,Other,6190540451,iperez@example.org
Jamie Daniels,BRVMX8645Z,30/12/1975,Joshua Leonard,Female,8980566098,zewing@example.org
Michelle Downs,EGEYO8248K,22/05/1959,Troy Ross,Male,8972655804,parkernicole@example.com
Sandra Chase,JNXTV8316F,06/01/1986,Ryan Gonzalez,Female,6445800114,jillmiller@example.net
Aaron Browning,WTFHV4457J,16/09/1985,Collin Silva,Male,4718120755,mcmillandavid@example.com
Rita Rogers,SBDFX9377U,21/01/2004,Jeremy Potter,Female,2758357085,pclarke@example.org
Lisa Frey,VLWPY9385H,15/08/1991,Daniel Ellison,Male,9828668521,watsondavid@example.net
Angela Jensen,QEEWS7248W,18/02/1980,Brandon Nicholson,Female,9223597430,mdavid@example.net
Timothy Jackson,PBIII1970G,03/01/1995,Jared Gray,Female,6847309357,yarroyo@example.net
Eric Rodriguez,CVZAQ8732N,31/05/1969,Jonathan Gutierrez,Other,5536675110,rgraham@example.org
Kristin Rogers,DCDIQ8816W,24/12/1950,Adam Montoya,Other,4214035425,wilsonanna@example.net
Lynn Woodward,WNBLF0781G,16/08/1973,William Harvey,Male,5079043429,rossnicole@example.org
Sandra Lawrence,XJQSX5229H,03/03/1987,Steven Kelly,Male,3803041073,allison92@example.org
Adriana Clark,MKDHW7797E,06/09/1998,Casey Rivera,Male,4010425592,karenjones@example.com
Robert Ortiz,XOENU3218H,12/08/1954,Eric Moran,Female,9066131123,davidlivingston@example.com
Jennifer Baldwin,AKQBX2786I,13/09/1994,Damon Mitchell,Other,1658887844,gonzaleztony@example.com
Melissa Caldwell,JAKLE9714W,29/03/1985,Richard Haas,Male,2214887445,sarahtanner@example.com
Becky Nunez,UQHOO2643B,04/12/1946,Chad Gonzalez,Female,0855813926,catherinejackson@example.net
Tracy Brown,RMLHX5167A,11/07/1945,Patrick Lambert,Other,4466345786,fischerrachael@example.com
Nicole Huerta,NGYKH1905D,14/03/1960,Ronnie Fox,Male,1682995460,james79@example.net
Mary Jennings,QHJST2373P,19/10/1957,Cody Berry,Female,7951749950,vanessa65@example.com
John Lopez,APIWN1273A,03/11/1984,Christopher Montgomery,Male,1628873608,rebeccapadilla@example.net
Jeffrey Thomas,ZOUDZ8081G,10/10/1990,Timothy Moore,Other,1465463042,michael86@example.org
Kristy Hall,LCCBB4973Z,14/09/1981,Jordan Carson,Male,5871831616,fmorris@example.com
Debra Guzman,XZPIO7269B,20/03/1998,Jacob Benson,Female,3949407853,ggomez@example.net
Julie Montes,KEPXF0396W,26/09/1969,Eric Smith,Female,9978615243,davidjacobs@example.com
Carlos Molina,MWAGZ4789Q,24/01/1965,Ryan Gonzales,Other,7002359335,tammy75@example.com
James Hernandez,MWHEW3517G,20/04/1976,Christian Haynes,Female,0734751221,joseturner@example.com
Phillip Dunlap,UYEMD2446G,10/05/1969,Patrick Lowe,Male,4555602320,kathleen15@example.com
Jeffrey Bryant,SQTKY3853X,16/12/1970,Shawn Perkins,Other,8554862179,james50@example.com
Jennifer Johnson,KOPYS0393T,23/03/2004,Brandon Bell,Other,6040244642,mitchell33@example.net
Amanda Jackson,QXGBX8448Y,30/12/1953,Tony Johns,Male,3323845655,gpoole@example.org
Nicole Wilson,TNGXV2132W,21/12/1965,Ryan Cox,Male,2984207071,campbellkevin@example.com
April Newton,SMMPI8150M,15/03/1958,Jordan Munoz,Female,4651106042,jessicafranklin@example.org
Wesley Kelly,ZVVVO1225M,13/02/1950,Micheal Webb,Female,0833094793,staylor@example.org
Mark Craig,GZXUM0559Z,18/07/1986,Roger Walton,Male,8931551323,simsmichael@example.org
Kimberly Steele,LTENO3231E,02/10/2005,Carlos Hughes,Other,1410465864,heidi77@example.net
Michael Thomas,XJHHF6120T,07/08/1990,John Johnson,Male,2678569248,derrickgray@example.com
David Rios,KXAYS6166L,02/10/1994,Jason Wright,Female,2165408537,ocarr@example.net
Marcus Hahn,QIUKZ7790W,06/02/2001,Richard Wiggins,Male,7371315351,kimberly72@example.com
Andrew Wilkinson,EOYGI9460A,30/05/2000,Daniel Chavez,Male,9007514915,ebarnett@example.net
Tamara Griffith,ZNCAZ6107R,28/12/1978,Daniel Scott,Male,8381537933,michelle21@example.net
Robert Diaz,TFKAF8414D,19/08/1955,Jared Nguyen,Other,9780633849,iharris@example.com
Karen Rodriguez,RAINQ8192M,09/12/1955,Jonathan Morse,Male,6996098598,normantyler@example.org
Stephen Myers,UZQSM4314M,02/03/1960,Mr. Mark Parker,Male,3153743441,schmidtandrea@example.org
Christina Leon,ALFMR4579N,28/11/1955,Brandon Richards,Female,2835715253,michael13@example.org
Kayla Grant,HFLGH0842X,25/10/1951,Ricardo Cole MD,Male,8486072925,dpoole@example.net
Tamara King,PELCX5195B,28/11/1953,Samuel Kennedy,Other,6843789411,peterserica@example.com
Charles Patrick,LIVZT9305R,21/11/1946,Kevin Palmer,Female,3609472234,andrewdunn@example.net
Donald Brown,SHMTI8838H,25/10/1987,Thomas Koch,Female,5263349823,andrew97@example.net
Jamie Lopez,MCXXS2518S,31/01/1968,Brian Ward,Other,5165700583,mtran@example.com
Anne Johnson,DLHEJ2356H,15/10/1979,Eric Evans,Male,9709555000,michelle73@example.org
Jennifer Day,YKHYI3169G,27/07/1988,David Peterson,Other,0019983048,davisjennifer@example.net
Kristine Nolan,GDTIU4960D,06/01/1988,Ronald Miller,Male,7574243174,jenniferjohnson@example.org
Dr. Angela Patton,OKADR3814C,19/03/1965,Samuel Garrison,Male,7316331174,martinezmarc@example.com
Michael Byrd,RBEBP6012M,07/01/1944,James Serrano,Other,3362795981,wpowell@example.net
Andrew Berry,JZHXH2027Y,13/09/1998,Anthony Walters,Other,8053194778,beansusan@example.net
Emily Cole,BQXVV9688I,21/06/1966,Juan Brown,Other,8760695816,nquinn@example.com
Michael Gordon,HIWOR4761C,13/02/1974,Antonio Williams,Female,3177948943,heathervazquez@example.com
Sharon Foster,NDOQL9947X,06/06/1979,Matthew Oliver,Other,2849304577,christopher37@example.net
Kimberly Rose,HNKUF6427E,29/10/2003,Larry Peterson,Other,7894259292,michaelmercer@example.net
Jeremy Vega,CRULR9139G,18/04/1981,Jonathan Boyer,Other,1348873002,waltoncraig@example.org
Brittany Johnson,RHJOE4413S,05/10/1971,Ryan Lee,Male,4692346687,brandon80@example.net
William Chen,TAZEX9051H,04/05/1946,Jeffrey Powell,Male,7551263805,maguirre@example.org
Mary Mclaughlin,KGOND3941W,21/06/1985,James Sawyer,Female,7444171592,hensleydylan@example.org
